hero_id,hero_name,gender,eye_color,species,hair_color,height,weight,publisher,skin_color,alignment
1,A-Bomb,Male,yellow,Human,No Hair,203.0,441.0,Marvel Comics,,good
2,Abe Sapien,Male,blue,Icthyo Sapien,No Hair,191.0,65.0,Dark Horse Comics,blue,good
3,Abin Sur,Male,blue,Ungaran,No Hair,185.0,90.0,DC Comics,red,good
4,Abomination,Male,green,Human / Radiation,No Hair,203.0,441.0,Marvel Comics,,bad
5,Abraxas,Male,blue,Cosmic Entity,Black,-99.0,-99.0,Marvel Comics,,bad
6,Absorbing Man,Male,blue,Human,No Hair,193.0,122.0,Marvel Comics,,bad
7,Adam Monroe,Male,blue,,Blond,-99.0,-99.0,NBC - Heroes,,good
8,Adam Strange,Male,blue,Human,Blond,185.0,88.0,DC Comics,,good
9,Agent 13,Female,blue,,Blond,173.0,61.0,Marvel Comics,,good
10,Agent Bob,Male,brown,Human,Brown,178.0,81.0,Marvel Comics,,good
11,Agent Zero,Male,,,,191.0,104.0,Marvel Comics,,good
12,Air-Walker,Male,blue,,White,188.0,108.0,Marvel Comics,,bad
13,Ajax,Male,brown,Cyborg,Black,193.0,90.0,Marvel Comics,,bad
14,Alan Scott,Male,blue,,Blond,180.0,90.0,DC Comics,,good
15,Alex Mercer,Male,,Human,,-99.0,-99.0,Wildstorm,,bad
16,Alex Woolsly,Male,,,,-99.0,-99.0,NBC - Heroes,,good
17,Alfred Pennyworth,Male,blue,Human,Black,178.0,72.0,DC Comics,,good
18,Alien,Male,,Xenomorph XX121,No Hair,244.0,169.0,Dark Horse Comics,black,bad
19,Allan Quatermain,Male,,,,-99.0,-99.0,Wildstorm,,good
20,Amazo,Male,red,Android,,257.0,173.0,DC Comics,,bad
21,Ammo,Male,brown,Human,Black,188.0,101.0,Marvel Comics,,bad
22,Ando Masahashi,Male,,,,-99.0,-99.0,NBC - Heroes,,good
23,Angel,Male,blue,,Blond,183.0,68.0,Marvel Comics,,good
24,Angel,Male,,Vampire,,-99.0,-99.0,Dark Horse Comics,,good
25,Angel Dust,Female,yellow,Mutant,Black,165.0,57.0,Marvel Comics,,good
26,Angel Salvadore,Female,brown,,Black,163.0,54.0,Marvel Comics,,good
27,Angela,Female,,,,-99.0,-99.0,Image Comics,,bad
28,Animal Man,Male,blue,Human,Blond,183.0,83.0,DC Comics,,good
29,Annihilus,Male,green,,No Hair,180.0,90.0,Marvel Comics,,bad
30,Ant-Man,Male,blue,Human,Blond,211.0,122.0,Marvel Comics,,good
31,Ant-Man II,Male,blue,Human,Blond,183.0,86.0,Marvel Comics,,good
32,Anti-Monitor,Male,yellow,God / Eternal,No Hair,61.0,-99.0,DC Comics,,bad
33,Anti-Spawn,Male,,,,-99.0,-99.0,Image Comics,,bad
34,Anti-Venom,Male,blue,Symbiote,Blond,229.0,358.0,Marvel Comics,,
35,Apocalypse,Male,red,Mutant,Black,213.0,135.0,Marvel Comics,grey,bad
36,Aquababy,Male,blue,,Blond,-99.0,-99.0,DC Comics,,good
37,Aqualad,Male,blue,Atlantean,Black,178.0,106.0,DC Comics,,good
38,Aquaman,Male,blue,Atlantean,Blond,185.0,146.0,DC Comics,,good
39,Arachne,Female,blue,Human,Blond,175.0,63.0,Marvel Comics,,good
40,Archangel,Male,blue,Mutant,Blond,183.0,68.0,Marvel Comics,blue,good
41,Arclight,Female,violet,,Purple,173.0,57.0,Marvel Comics,,bad
42,Ardina,Female,white,Alien,Orange,193.0,98.0,Marvel Comics,gold,good
43,Ares,Male,brown,,Brown,185.0,270.0,Marvel Comics,,good
44,Ariel,Female,purple,,Pink,165.0,59.0,Marvel Comics,,good
45,Armor,Female,black,,Black,163.0,50.0,Marvel Comics,,good
46,Arsenal,Male,,Human,,-99.0,-99.0,DC Comics,,good
47,Astro Boy,Male,brown,,Black,-99.0,-99.0,,,good
48,Atlas,Male,brown,Mutant,Red,183.0,101.0,Marvel Comics,,good
49,Atlas,Male,blue,God / Eternal,Brown,198.0,126.0,DC Comics,,bad
50,Atom,Male,blue,,Red,178.0,68.0,DC Comics,,good
51,Atom,Male,,,,-99.0,-99.0,DC Comics,,good
52,Atom Girl,Female,black,,Black,168.0,54.0,DC Comics,,good
53,Atom II,Male,brown,Human,Auburn,183.0,81.0,DC Comics,,good
54,Atom III,Male,,,Red,-99.0,-99.0,DC Comics,,good
55,Atom IV,Male,brown,,Black,-99.0,72.0,DC Comics,,good
56,Aurora,Female,blue,Mutant,Black,180.0,63.0,Marvel Comics,,good
57,Azazel,Male,yellow,Neyaphem,Black,183.0,67.0,Marvel Comics,red,bad
58,Azrael,Male,brown,Human,Black,-99.0,-99.0,DC Comics,,good
59,Aztar,Male,,,,-99.0,-99.0,DC Comics,,good
60,Bane,Male,,Human,,203.0,180.0,DC Comics,,bad
61,Banshee,Male,green,Human,Strawberry Blond,183.0,77.0,Marvel Comics,,good
62,Bantam,Male,brown,,Black,165.0,54.0,Marvel Comics,,good
63,Batgirl,Female,,,,-99.0,-99.0,DC Comics,,good
64,Batgirl,Female,green,Human,Red,170.0,57.0,DC Comics,,good
65,Batgirl III,Female,,,,-99.0,-99.0,DC Comics,,good
66,Batgirl IV,Female,green,Human,Black,165.0,52.0,DC Comics,,good
67,Batgirl V,Female,,,,-99.0,-99.0,DC Comics,,good
68,Batgirl VI,Female,blue,,Blond,168.0,61.0,DC Comics,,good
69,Batman,Male,blue,Human,black,188.0,95.0,DC Comics,,good
70,Batman,Male,blue,Human,Black,178.0,77.0,DC Comics,,good
71,Batman II,Male,blue,Human,Black,178.0,79.0,DC Comics,,good
72,Battlestar,Male,brown,,Black,198.0,133.0,Marvel Comics,,good
73,Batwoman V,Female,green,Human,Red,178.0,-99.0,DC Comics,,good
74,Beak,Male,black,,White,175.0,63.0,Marvel Comics,,good
75,Beast,Male,blue,Mutant,Blue,180.0,181.0,Marvel Comics,blue,good
76,Beast Boy,Male,green,Human,Green,173.0,68.0,DC Comics,green,good
77,Beetle,Male,,,,-99.0,-99.0,Marvel Comics,,bad
78,Ben 10,Male,,,,-99.0,-99.0,DC Comics,,good
79,Beta Ray Bill,Male,,,No Hair,201.0,216.0,Marvel Comics,,good
80,Beyonder,Male,,God / Eternal,,-99.0,-99.0,Marvel Comics,,good
81,Big Barda,Female,blue,New God,Black,188.0,135.0,DC Comics,,bad
82,Big Daddy,Male,,,,-99.0,-99.0,Icon Comics,,good
83,Big Man,Male,blue,,Brown,165.0,71.0,Marvel Comics,,bad
84,Bill Harken,Male,,Alpha,,-99.0,-99.0,SyFy,,good
85,Billy Kincaid,Male,,,,-99.0,-99.0,Image Comics,,bad
86,Binary,Female,blue,,Blond,180.0,54.0,Marvel Comics,,good
87,Bionic Woman,Female,blue,Cyborg,Black,-99.0,-99.0,,,good
88,Bird-Brain,,,,,-99.0,-99.0,Marvel Comics,,good
89,Bird-Man,Male,,Human,,-99.0,-99.0,Marvel Comics,,bad
90,Bird-Man II,Male,,Human,,-99.0,-99.0,Marvel Comics,,bad
91,Birdman,Male,,God / Eternal,,-99.0,-99.0,Hanna-Barbera,,good
92,Bishop,Male,brown,Mutant,No Hair,198.0,124.0,Marvel Comics,,good
93,Bizarro,Male,black,Bizarro,Black,191.0,155.0,DC Comics,white,neutral
94,Black Abbott,Male,red,,Black,-99.0,-99.0,Marvel Comics,,bad
95,Black Adam,Male,brown,,Black,191.0,113.0,DC Comics,,bad
96,Black Bolt,Male,blue,Inhuman,Black,188.0,95.0,Marvel Comics,,good
97,Black Canary,Female,blue,Human,Blond,165.0,58.0,DC Comics,,good
98,Black Canary,Female,blue,Metahuman,Blond,170.0,59.0,DC Comics,,good
99,Black Cat,Female,green,Human,Blond,178.0,54.0,Marvel Comics,,good
100,Black Flash,Male,,God / Eternal,,-99.0,-99.0,DC Comics,,neutral
101,Black Goliath,Male,,,,-99.0,-99.0,Marvel Comics,,good
102,Black Knight III,Male,brown,Human,Brown,183.0,86.0,Marvel Comics,,good
103,Black Lightning,Male,brown,,No Hair,185.0,90.0,DC Comics,,good
104,Black Mamba,Female,green,,Black,170.0,52.0,Marvel Comics,,bad
105,Black Manta,Male,black,Human,No Hair,188.0,92.0,DC Comics,,bad
106,Black Panther,Male,brown,Human,Black,183.0,90.0,Marvel Comics,,good
107,Black Widow,Female,green,Human,Auburn,170.0,59.0,Marvel Comics,,good
108,Black Widow II,Female,blue,,Blond,170.0,61.0,Marvel Comics,,good
109,Blackout,Male,red,Demon,White,191.0,104.0,Marvel Comics,white,bad
110,Blackwing,Male,blue,,Black,185.0,86.0,Marvel Comics,,bad
111,Blackwulf,Male,red,Alien,White,188.0,88.0,Marvel Comics,,
112,Blade,Male,brown,Vampire,Black,188.0,97.0,Marvel Comics,,good
113,Blaquesmith,,black,,No Hair,-99.0,-99.0,Marvel Comics,,good
114,Bling!,Female,,,,168.0,68.0,Marvel Comics,,good
115,Blink,Female,green,Mutant,Magenta,165.0,56.0,Marvel Comics,pink,good
116,Blizzard,Male,,,,-99.0,-99.0,Marvel Comics,,bad
117,Blizzard,Male,,,Brown,-99.0,-99.0,Marvel Comics,,bad
118,Blizzard II,Male,brown,,Brown,175.0,77.0,Marvel Comics,,bad
119,Blob,Male,brown,,Brown,178.0,230.0,Marvel Comics,,bad
120,Bloodaxe,Female,blue,Human,Brown,218.0,495.0,Marvel Comics,,bad
121,Bloodhawk,Male,black,Mutant,No Hair,-99.0,-99.0,Marvel Comics,,good
122,Bloodwraith,Male,white,,No Hair,30.5,-99.0,Marvel Comics,,bad
123,Blue Beetle,Male,blue,,Brown,-99.0,-99.0,DC Comics,,good
124,Blue Beetle,Male,,,,-99.0,-99.0,DC Comics,,good
125,Blue Beetle II,Male,blue,,Brown,183.0,86.0,DC Comics,,good
126,Blue Beetle III,Male,brown,Human,Black,-99.0,-99.0,DC Comics,,good
127,Boba Fett,Male,brown,Human / Clone,Black,183.0,-99.0,George Lucas,,bad
128,Bolt,Male,,,,-99.0,-99.0,Marvel Comics,,good
129,Bomb Queen,Female,,,,-99.0,-99.0,Image Comics,,bad
130,Boom-Boom,Female,blue,Mutant,Blond,165.0,55.0,Marvel Comics,,good
131,Boomer,Female,,,,-99.0,-99.0,Marvel Comics,,good
132,Booster Gold,Male,blue,Human,Blond,196.0,97.0,DC Comics,,good
133,Box,Male,,,,-99.0,-99.0,Marvel Comics,,good
134,Box III,,blue,,Blond,193.0,110.0,Marvel Comics,,good
135,Box IV,,brown,,Brown / Black,-99.0,-99.0,Marvel Comics,,good
136,Brainiac,Male,green,Android,No Hair,198.0,135.0,DC Comics,green,bad
137,Brainiac 5,Male,green,,Blond,170.0,61.0,DC Comics,,good
138,Brother Voodoo,Male,brown,Human,Brown / White,183.0,99.0,Marvel Comics,,good
139,Brundlefly,Male,,Mutant,,193.0,-99.0,,,
140,Buffy,Female,green,Human,Blond,157.0,52.0,Dark Horse Comics,,good
141,Bullseye,Male,blue,Human,blond,183.0,90.0,Marvel Comics,,bad
142,Bumblebee,Female,brown,Human,Black,170.0,59.0,DC Comics,,good
143,Bumbleboy,Male,,,,-99.0,-99.0,Marvel Comics,,good
144,Bushido,Male,,Human,,-99.0,-99.0,DC Comics,,good
145,Cable,Male,blue,Mutant,White,203.0,158.0,Marvel Comics,,good
146,Callisto,Female,blue,,Black,175.0,74.0,Marvel Comics,,bad
147,Cameron Hicks,Male,,Alpha,,-99.0,-99.0,SyFy,,good
148,Cannonball,Male,blue,,Blond,183.0,81.0,Marvel Comics,,good
149,Captain America,Male,blue,Human,blond,188.0,108.0,Marvel Comics,,good
150,Captain Atom,Male,blue,Human / Radiation,Silver,193.0,90.0,DC Comics,silver,good
151,Captain Britain,Male,blue,Human,Blond,198.0,116.0,Marvel Comics,,good
152,Captain Cold,Male,brown,Human,Brown,-99.0,-99.0,DC Comics,,neutral
153,Captain Epic,Male,blue,,Brown,188.0,-99.0,Team Epic TV,,good
154,Captain Hindsight,Male,,Human,Black,-99.0,-99.0,South Park,,good
155,Captain Mar-vell,Male,blue,,Blond,188.0,108.0,Marvel Comics,,good
156,Captain Marvel,Female,blue,Human-Kree,Blond,180.0,74.0,Marvel Comics,,good
157,Captain Marvel,Male,blue,Human,Black,193.0,101.0,DC Comics,,good
158,Captain Marvel II,Male,blue,Human,Black,175.0,74.0,DC Comics,,good
159,Captain Midnight,Male,,Human,,-99.0,-99.0,Dark Horse Comics,,good
160,Captain Planet,Male,red,God / Eternal,Green,-99.0,-99.0,Marvel Comics,,good
161,Captain Universe,,,God / Eternal,,-99.0,-99.0,Marvel Comics,,good
162,Carnage,Male,green,Symbiote,Red,185.0,86.0,Marvel Comics,,bad
163,Cat,Female,blue,,Blond,173.0,61.0,Marvel Comics,,good
164,Cat II,Female,,,,-99.0,-99.0,Marvel Comics,,good
165,Catwoman,Female,green,Human,Black,175.0,61.0,DC Comics,,good
166,Cecilia Reyes,,brown,,Brown,170.0,62.0,Marvel Comics,,good
167,Century,Male,white,Alien,White,201.0,97.0,Marvel Comics,grey,good
168,Cerebra,Female,,Mutant,,-99.0,-99.0,Marvel Comics,,good
169,Chamber,Male,brown,Mutant,Brown,175.0,63.0,Marvel Comics,,good
170,Chameleon,Male,,,,-99.0,-99.0,DC Comics,,bad
171,Changeling,Male,brown,,Black,180.0,81.0,Marvel Comics,,bad
172,Cheetah,Female,green,Human,Blond,163.0,50.0,DC Comics,,bad
173,Cheetah II,Female,green,Human,Brown,170.0,55.0,DC Comics,,bad
174,Cheetah III,Female,brown,Human,Brown,175.0,54.0,DC Comics,,bad
175,Chromos,Male,brown,,Red / Grey,185.0,86.0,Team Epic TV,,bad
176,Chuck Norris,Male,,,,178.0,-99.0,,,good
177,Citizen Steel,Male,green,Human,Red,183.0,170.0,DC Comics,,good
178,Claire Bennet,Female,blue,,Blond,-99.0,-99.0,NBC - Heroes,,good
179,Clea,,,,White,-99.0,-99.0,Marvel Comics,,good
180,Cloak,Male,brown,,black,226.0,70.0,Marvel Comics,,good
181,Clock King,Male,blue,Human,Black,178.0,78.0,DC Comics,,bad
182,Cogliostro,Male,,,,-99.0,-99.0,Image Comics,,bad
183,Colin Wagner,Male,grey,,Brown,-99.0,-99.0,HarperCollins,,good
184,Colossal Boy,Male,,,,-99.0,-99.0,DC Comics,,good
185,Colossus,Male,silver,Mutant,Black,226.0,225.0,Marvel Comics,,good
186,Copycat,Female,red,Mutant,White,183.0,67.0,Marvel Comics,blue,neutral
187,Corsair,Male,brown,,Brown,191.0,79.0,Marvel Comics,,good
188,Cottonmouth,Male,brown,Human,Black,183.0,99.0,Marvel Comics,,bad
189,Crimson Crusader,Male,blue,,Strawberry Blond,-99.0,-99.0,Marvel Comics,,good
190,Crimson Dynamo,Male,brown,,No Hair,180.0,104.0,Marvel Comics,,good
191,Crystal,Female,green,Inhuman,Red,168.0,50.0,Marvel Comics,,good
192,Curse,Male,,,,-99.0,-99.0,Image Comics,,bad
193,Cy-Gor,Male,,,,-99.0,-99.0,Image Comics,,bad
194,Cyborg,Male,brown,Cyborg,Black,198.0,173.0,DC Comics,,good
195,Cyborg Superman,Male,blue,Cyborg,Black,-99.0,-99.0,DC Comics,,bad
196,Cyclops,Male,brown,Mutant,Brown,191.0,88.0,Marvel Comics,,good
197,Cypher,,blue,,Blond,175.0,68.0,Marvel Comics,,good
198,Dagger,Female,blue,,Blond,165.0,52.0,Marvel Comics,,good
199,Danny Cooper,Male,brown,,Blond,-99.0,-99.0,HarperCollins,,good
200,Daphne Powell,Female,,,,-99.0,-99.0,ABC Studios,,good
201,Daredevil,Male,blue,Human,Red,183.0,90.0,Marvel Comics,,good
202,Darkhawk,Male,brown,Human,Brown,185.0,81.0,Marvel Comics,,good
203,Darkman,Male,,,,-99.0,-99.0,Universal Studios,,good
204,Darkseid,Male,red,New God,No Hair,267.0,817.0,DC Comics,grey,bad
205,Darkside,,,,,-99.0,-99.0,,,bad
206,Darkstar,Female,brown,Mutant,Blond,168.0,56.0,Marvel Comics,,good
207,Darth Maul,Male,yellow / red,Dathomirian Zabrak,,170.0,-99.0,George Lucas,red / black,bad
208,Darth Vader,Male,yellow,Cyborg,No Hair,198.0,135.0,George Lucas,,bad
209,Dash,Male,blue,Human,Blond,122.0,27.0,Dark Horse Comics,,good
210,Data,Male,yellow,Android,Brown,-99.0,-99.0,Star Trek,,good
211,Dazzler,Female,blue,Mutant,Blond,173.0,52.0,Marvel Comics,,good
212,Deadman,Male,blue,Human,Black,183.0,90.0,DC Comics,,good
213,Deadpool,Male,brown,Mutant,No Hair,188.0,95.0,Marvel Comics,,neutral
214,Deadshot,Male,brown,Human,Brown,185.0,91.0,DC Comics,,bad
215,Deathlok,Male,brown,Cyborg,Grey,193.0,178.0,Marvel Comics,,good
216,Deathstroke,Male,blue,Human,White,193.0,101.0,DC Comics,,neutral
217,Demogoblin,Male,red,Demon,No Hair,185.0,95.0,Marvel Comics,,bad
218,Destroyer,Male,,,,188.0,383.0,Marvel Comics,,bad
219,Diamondback,Male,brown,Human,Black,193.0,90.0,Marvel Comics,,bad
220,DL Hawkins,Male,,,,-99.0,-99.0,NBC - Heroes,,good
221,Doc Samson,Male,blue,Human / Radiation,Green,198.0,171.0,Marvel Comics,,good
222,Doctor Doom,Male,brown,Human,Brown,201.0,187.0,Marvel Comics,,bad
223,Doctor Doom II,Male,brown,,Brown,201.0,132.0,Marvel Comics,,bad
224,Doctor Fate,Male,blue,Human,Blond,188.0,89.0,DC Comics,,good
225,Doctor Octopus,Male,brown,Human,Brown,175.0,110.0,Marvel Comics,,bad
226,Doctor Strange,Male,grey,Human,Black,188.0,81.0,Marvel Comics,,good
227,Domino,Female,blue,Human,Black,173.0,54.0,Marvel Comics,white,good
228,Donatello,Male,green,Mutant,No Hair,-99.0,-99.0,IDW Publishing,green,good
229,Donna Troy,Female,blue,Amazon,Black,175.0,63.0,DC Comics,,good
230,Doomsday,Male,red,Alien,White,244.0,412.0,DC Comics,,bad
231,Doppelganger,Male,white,,No Hair,196.0,104.0,Marvel Comics,,bad
232,Dormammu,Male,yellow,,No Hair,185.0,-99.0,Marvel Comics,,bad
233,Dr Manhattan,Male,white,Human / Cosmic,No Hair,-99.0,-99.0,DC Comics,blue,good
234,Drax the Destroyer,Male,red,Human / Altered,No Hair,193.0,306.0,Marvel Comics,green,good
235,Ego,,,,,-99.0,-99.0,Marvel Comics,,bad
236,Elastigirl,Female,brown,Human,Brown,168.0,56.0,Dark Horse Comics,,good
237,Electro,Male,blue,Human,Auburn,180.0,74.0,Marvel Comics,,bad
238,Elektra,Female,blue,Human,Black,175.0,59.0,Marvel Comics,,good
239,Elle Bishop,Female,blue,,Blond,-99.0,-99.0,NBC - Heroes,,bad
240,Elongated Man,Male,blue,,Red,185.0,80.0,DC Comics,,good
241,Emma Frost,Female,blue,,Blond,178.0,65.0,Marvel Comics,,good
242,Enchantress,Female,blue,Human,Blond,168.0,57.0,DC Comics,,good
243,Energy,Female,,,,-99.0,-99.0,HarperCollins,,good
244,ERG-1,Male,,,,-99.0,-99.0,DC Comics,,good
245,Ethan Hunt,Male,brown,Human,Brown,168.0,-99.0,,,good
246,Etrigan,Male,red,Demon,No Hair,193.0,203.0,DC Comics,yellow,neutral
247,Evil Deadpool,Male,white,Mutant,Red,188.0,95.0,Marvel Comics,,bad
248,Evilhawk,Male,red,Alien,Black,191.0,106.0,Marvel Comics,green,bad
249,Exodus,Male,blue,Mutant,Black,183.0,88.0,Marvel Comics,red,bad
250,Fabian Cortez,,blue,,Brown,196.0,96.0,Marvel Comics,,bad
251,Falcon,Male,brown,Human,Black,188.0,108.0,Marvel Comics,,good
252,Fallen One II,Male,black,,Blue,-99.0,-99.0,Marvel Comics,,bad
253,Faora,Female,,Kryptonian,,-99.0,-99.0,DC Comics,,bad
254,Feral,,yellow (without irises),,Orange / White,175.0,50.0,Marvel Comics,,good
255,Fighting Spirit,Female,,,Red,-99.0,-99.0,DC Comics,,good
256,Fin Fang Foom,Male,red,Kakarantharaian,No Hair,975.0,18.0,Marvel Comics,green,good
257,Firebird,Female,brown,,Black,165.0,56.0,Marvel Comics,,good
258,Firelord,,white,,Yellow,193.0,99.0,Marvel Comics,,good
259,Firestar,Female,green,Mutant,Red,173.0,56.0,Marvel Comics,,good
260,Firestorm,Male,brown,,Black,-99.0,-99.0,DC Comics,,good
261,Firestorm,Male,blue,Human,Auburn,188.0,91.0,DC Comics,,good
262,Fixer,,red,,No Hair,-99.0,-99.0,Marvel Comics,,bad
263,Flash,Male,blue,Human,Brown / White,180.0,81.0,DC Comics,,good
264,Flash Gordon,Male,,,,-99.0,-99.0,,,good
265,Flash II,Male,blue,Human,Blond,183.0,88.0,DC Comics,,good
266,Flash III,Male,,Human,,183.0,86.0,DC Comics,,good
267,Flash IV,Male,yellow,Human,Auburn,157.0,52.0,DC Comics,,good
268,Forge,,brown,,Black,183.0,81.0,Marvel Comics,,good
269,Franklin Richards,Male,blue,Mutant,Blond,142.0,45.0,Marvel Comics,,good
270,Franklin Storm,,blue,,Grey,188.0,92.0,Marvel Comics,,good
271,Frenzy,Female,brown,,Black,211.0,104.0,Marvel Comics,,bad
272,Frigga,Female,blue,,White,180.0,167.0,Marvel Comics,,good
273,Galactus,Male,black,Cosmic Entity,Black,876.0,16.0,Marvel Comics,,neutral
274,Gambit,Male,red,Mutant,Brown,185.0,81.0,Marvel Comics,,good
275,Gamora,Female,yellow,Zen-Whoberian,Black,183.0,77.0,Marvel Comics,green,good
276,Garbage Man,Male,,Mutant,,-99.0,-99.0,DC Comics,,good
277,Gary Bell,Male,,Alpha,,-99.0,-99.0,SyFy,,good
278,General Zod,Male,black,Kryptonian,Black,-99.0,-99.0,DC Comics,,bad
279,Genesis,Male,blue,,Blond,185.0,86.0,Marvel Comics,,good
280,Ghost Rider,Male,red,Demon,No Hair,188.0,99.0,Marvel Comics,,good
281,Ghost Rider II,,,,,-99.0,-99.0,Marvel Comics,,good
282,Giant-Man,Male,,Human,,-99.0,-99.0,Marvel Comics,,good
283,Giant-Man II,Male,,,,-99.0,-99.0,Marvel Comics,,good
284,Giganta,Female,green,,Red,62.5,630.0,DC Comics,,bad
285,Gladiator,Male,blue,Strontian,Blue,198.0,268.0,Marvel Comics,purple,neutral
286,Goblin Queen,Female,green,,Red,168.0,50.0,Marvel Comics,,bad
287,Godzilla,,,Kaiju,,108.0,,,grey,bad
288,Gog,Male,,,,-99.0,-99.0,DC Comics,,bad
289,Goku,Male,,Saiyan,,175.0,62.0,Shueisha,,good
290,Goliath,Male,,,,-99.0,-99.0,Marvel Comics,,good
291,Goliath,Male,,Human,,-99.0,-99.0,Marvel Comics,,good
292,Goliath,Male,,Human,,-99.0,-99.0,Marvel Comics,,good
293,Goliath IV,Male,brown,,Black,183.0,90.0,Marvel Comics,,good
294,Gorilla Grodd,Male,yellow,Gorilla,Black,198.0,270.0,DC Comics,,bad
295,Granny Goodness,Female,blue,,White,178.0,115.0,DC Comics,,bad
296,Gravity,Male,blue,Human,Brown,178.0,79.0,Marvel Comics,,good
297,Greedo,Male,purple,Rodian,,170.0,-99.0,George Lucas,green,bad
298,Green Arrow,Male,green,Human,Blond,188.0,88.0,DC Comics,,good
299,Green Goblin,Male,blue,Human,Auburn,180.0,83.0,Marvel Comics,,bad
300,Green Goblin II,Male,blue,,Auburn,178.0,77.0,Marvel Comics,,bad
301,Green Goblin III,Male,,,,183.0,88.0,Marvel Comics,,good
302,Green Goblin IV,Male,green,,Brown,178.0,79.0,Marvel Comics,,good
303,Groot,Male,yellow,Flora Colossus,,701.0,4.0,Marvel Comics,,good
304,Guardian,Male,brown,Human,Black,-99.0,-99.0,Marvel Comics,,good
305,Guy Gardner,Male,blue,Human-Vuldarian,Red,188.0,95.0,DC Comics,,good
306,Hal Jordan,Male,brown,Human,Brown,188.0,90.0,DC Comics,,good
307,Han Solo,Male,brown,Human,Brown,183.0,79.0,George Lucas,,good
308,Hancock,Male,brown,Human,Black,188.0,-99.0,Sony Pictures,,good
309,Harley Quinn,Female,blue,Human,Blond,170.0,63.0,DC Comics,,bad
310,Harry Potter,Male,green,Human,Black,-99.0,-99.0,J. K. Rowling,,good
311,Havok,Male,blue,Mutant,Blond,183.0,79.0,Marvel Comics,,good
312,Hawk,Male,red,,Brown,185.0,89.0,DC Comics,,good
313,Hawkeye,Male,blue,Human,Blond,191.0,104.0,Marvel Comics,,good
314,Hawkeye II,Female,blue,Human,Black,165.0,57.0,Marvel Comics,,good
315,Hawkgirl,Female,green,,Red,175.0,61.0,DC Comics,,good
316,Hawkman,Male,blue,,Brown,185.0,88.0,DC Comics,,good
317,Hawkwoman,Female,green,,Red,175.0,54.0,DC Comics,,good
318,Hawkwoman II,Female,,,,-99.0,-99.0,DC Comics,,good
319,Hawkwoman III,Female,blue,,Red,170.0,65.0,DC Comics,,good
320,Heat Wave,Male,blue,Human,No Hair,180.0,81.0,DC Comics,,bad
321,Hela,Female,green,Asgardian,Black,213.0,225.0,Marvel Comics,,bad
322,Hellboy,Male,gold,Demon,Black,259.0,158.0,Dark Horse Comics,,good
323,Hellcat,Female,blue,Human,Red,173.0,61.0,Marvel Comics,,good
324,Hellstorm,Male,red,,Red,185.0,81.0,Marvel Comics,,good
325,Hercules,Male,blue,Demi-God,Brown,196.0,146.0,Marvel Comics,,good
326,Hiro Nakamura,Male,,,,-99.0,-99.0,NBC - Heroes,,good
327,Hit-Girl,Female,,Human,,-99.0,-99.0,Icon Comics,,good
328,Hobgoblin,Male,blue,,Grey,180.0,83.0,Marvel Comics,,bad
329,Hollow,Female,blue,,Red,170.0,-99.0,Marvel Comics,,good
330,Hope Summers,Female,green,,Red,168.0,48.0,Marvel Comics,,good
331,Howard the Duck,Male,brown,,Yellow,79.0,18.0,Marvel Comics,,good
332,Hulk,Male,green,Human / Radiation,Green,244.0,630.0,Marvel Comics,green,good
333,Human Torch,Male,blue,Human / Radiation,Blond,178.0,77.0,Marvel Comics,,good
334,Huntress,Female,blue,,Black,180.0,59.0,DC Comics,,good
335,Husk,Female,blue,Mutant,Blond,170.0,58.0,Marvel Comics,,good
336,Hybrid,Male,brown,Symbiote,Black,175.0,77.0,Marvel Comics,,good
337,Hydro-Man,Male,brown,,Brown,188.0,119.0,Marvel Comics,,bad
338,Hyperion,Male,blue,Eternal,Red,183.0,207.0,Marvel Comics,,good
339,Iceman,Male,brown,Mutant,Brown,173.0,65.0,Marvel Comics,,good
340,Impulse,Male,yellow,Human,Auburn,170.0,65.0,DC Comics,,good
341,Indiana Jones,Male,,Human,,183.0,79.0,George Lucas,,good
342,Indigo,Female,,Alien,Purple,-99.0,-99.0,DC Comics,,neutral
343,Ink,Male,blue,Mutant,No Hair,180.0,81.0,Marvel Comics,,good
344,Invisible Woman,Female,blue,Human / Radiation,Blond,168.0,54.0,Marvel Comics,,good
345,Iron Fist,Male,blue,Human,Blond,180.0,79.0,Marvel Comics,,good
346,Iron Man,Male,blue,Human,Black,198.0,191.0,Marvel Comics,,good
347,Iron Monger,Male,blue,,No Hair,-99.0,2.0,Marvel Comics,,bad
348,Isis,Female,,,,-99.0,-99.0,DC Comics,,good
349,Jack Bauer,Male,,,,-99.0,-99.0,,,good
350,Jack of Hearts,Male,blue / white,Human,Brown,155.0,79.0,Marvel Comics,,good
351,Jack-Jack,Male,blue,Human,Brown,71.0,14.0,Dark Horse Comics,,good
352,James Bond,Male,blue,Human,Blond,183.0,-99.0,Titan Books,,good
353,James T. Kirk,Male,hazel,Human,Brown,178.0,77.0,Star Trek,,good
354,Jar Jar Binks,Male,yellow,Gungan,,193.0,-99.0,George Lucas,orange / white,good
355,Jason Bourne,Male,,Human,,-99.0,-99.0,,,good
356,Jean Grey,Female,green,Mutant,Red,168.0,52.0,Marvel Comics,,good
357,Jean-Luc Picard,Male,,Human,,-99.0,-99.0,Star Trek,,good
358,Jennifer Kale,Female,blue,,Blond,168.0,55.0,Marvel Comics,,good
359,Jesse Quick,Female,,Human,,-99.0,-99.0,DC Comics,,good
360,Jessica Cruz,Female,green,Human,Brown,-99.0,-99.0,DC Comics,,good
361,Jessica Jones,Female,brown,Human,Brown,170.0,56.0,Marvel Comics,,good
362,Jessica Sanders,Female,,,,-99.0,-99.0,NBC - Heroes,,good
363,Jigsaw,Male,blue,,Black,188.0,113.0,Marvel Comics,,bad
364,Jim Powell,Male,,,,-99.0,-99.0,ABC Studios,,good
365,JJ Powell,Male,,,,-99.0,-99.0,ABC Studios,,good
366,Johann Krauss,Male,,,,-99.0,-99.0,Dark Horse Comics,,good
367,John Constantine,Male,blue,Human,Blond,183.0,-99.0,DC Comics,,good
368,John Stewart,Male,green,Human,Black,185.0,90.0,DC Comics,,good
369,John Wraith,Male,brown,,Black,183.0,88.0,Marvel Comics,,good
370,Joker,Male,green,Human,Green,196.0,86.0,DC Comics,white,bad
371,Jolt,Female,blue,,Black,165.0,49.0,Marvel Comics,,good
372,Jubilee,Female,red,Mutant,Black,165.0,52.0,Marvel Comics,,good
373,Judge Dredd,Male,,Human,,188.0,-99.0,Rebellion,,good
374,Juggernaut,Male,blue,Human,Red,287.0,855.0,Marvel Comics,,neutral
375,Junkpile,Male,,Mutant,,-99.0,-99.0,Marvel Comics,,bad
376,Justice,Male,hazel,Human,Brown,178.0,81.0,Marvel Comics,,good
377,Jyn Erso,Female,green,Human,Brown,-99.0,-99.0,George Lucas,,good
378,K-2SO,Male,white,Android,No Hair,213.0,-99.0,George Lucas,gray,good
379,Kang,Male,brown,,Brown,191.0,104.0,Marvel Comics,,bad
380,Karate Kid,Male,brown,Human,Brown,173.0,72.0,DC Comics,,good
381,Kathryn Janeway,Female,,Human,,-99.0,-99.0,Star Trek,,good
382,Katniss Everdeen,Female,,Human,,-99.0,-99.0,,,good
383,Kevin 11,Male,,Human,Black,-99.0,-99.0,DC Comics,,good
384,Kick-Ass,Male,blue,Human,Blond,-99.0,-99.0,Icon Comics,,good
385,Kid Flash,Male,green,Human,Red,-99.0,-99.0,DC Comics,,good
386,Kid Flash II,Male,,,,-99.0,-99.0,DC Comics,,good
387,Killer Croc,Male,red,Metahuman,No Hair,244.0,356.0,DC Comics,green,bad
388,Killer Frost,Female,blue,Human,Blond,-99.0,-99.0,DC Comics,blue,bad
389,Kilowog,Male,red,Bolovaxian,No Hair,234.0,324.0,DC Comics,pink,good
390,King Kong,Male,yellow,Animal,Black,30.5,,,,good
391,King Shark,Male,black,Animal,No Hair,-99.0,-99.0,DC Comics,,bad
392,Kingpin,Male,blue,Human,No Hair,201.0,203.0,Marvel Comics,,bad
393,Klaw,Male,red,Human,No Hair,188.0,97.0,Marvel Comics,red,bad
394,Kool-Aid Man,Male,black,,No Hair,-99.0,-99.0,,red,good
395,Kraven II,Male,brown,Human,Black,191.0,99.0,Marvel Comics,,bad
396,Kraven the Hunter,Male,brown,Human,Black,183.0,106.0,Marvel Comics,,bad
397,Krypto,Male,blue,Kryptonian,White,64.0,18.0,DC Comics,,good
398,Kyle Rayner,Male,green,Human,Black,180.0,79.0,DC Comics,,good
399,Kylo Ren,Male,,Human,,-99.0,-99.0,George Lucas,,bad
400,Lady Bullseye,Female,,,Black,-99.0,-99.0,Marvel Comics,,bad
401,Lady Deathstrike,Female,brown,Cyborg,Black,175.0,58.0,Marvel Comics,,bad
402,Leader,Male,green,,No Hair,178.0,63.0,Marvel Comics,,bad
403,Leech,Male,,,,-99.0,-99.0,Marvel Comics,,good
404,Legion,Male,green / blue,Mutant,Black,175.0,59.0,Marvel Comics,,good
405,Leonardo,Male,blue,Mutant,No Hair,-99.0,-99.0,IDW Publishing,green,good
406,Lex Luthor,Male,green,Human,No Hair,188.0,95.0,DC Comics,,bad
407,Light Lass,Female,blue,,Red,165.0,54.0,DC Comics,,good
408,Lightning Lad,Male,blue,,Red,155.0,65.0,DC Comics,,good
409,Lightning Lord,Male,blue,,Red,191.0,95.0,DC Comics,,bad
410,Living Brain,,yellow,,,198.0,360.0,Marvel Comics,,bad
411,Living Tribunal,,blue,Cosmic Entity,No Hair,-99.0,-99.0,Marvel Comics,gold,neutral
412,Liz Sherman,Female,,,,-99.0,-99.0,Dark Horse Comics,,good
413,Lizard,Male,red,Human,No Hair,203.0,230.0,Marvel Comics,,bad
414,Lobo,Male,red,Czarnian,Black,229.0,288.0,DC Comics,blue-white,neutral
415,Loki,Male,green,Asgardian,Black,193.0,236.0,Marvel Comics,,bad
416,Longshot,Male,blue,Human,Blond,188.0,36.0,Marvel Comics,,good
417,Luke Cage,Male,brown,Human,Black,198.0,191.0,Marvel Comics,,good
418,Luke Campbell,Male,,,,-99.0,-99.0,NBC - Heroes,,bad
419,Luke Skywalker,Male,blue,Human,Blond,168.0,77.0,George Lucas,,good
420,Luna,Female,,Human,,-99.0,-99.0,Marvel Comics,,good
421,Lyja,Female,green,,Green,-99.0,-99.0,Marvel Comics,,good
422,Mach-IV,Male,brown,,Brown,180.0,79.0,Marvel Comics,,bad
423,Machine Man,,red,,Black,183.0,383.0,Marvel Comics,,good
424,Magneto,Male,grey,Mutant,White,188.0,86.0,Marvel Comics,,bad
425,Magog,Male,blue,,Blond,-99.0,-99.0,DC Comics,,good
426,Magus,Male,black,,,183.0,-99.0,Marvel Comics,,bad
427,Man of Miracles,,blue,God / Eternal,Silver,-99.0,-99.0,Image Comics,,
428,Man-Bat,Male,brown,Human,Brown,-99.0,-99.0,DC Comics,,neutral
429,Man-Thing,Male,red,,No Hair,213.0,225.0,Marvel Comics,green,good
430,Man-Wolf,Male,brown,,Auburn,188.0,90.0,Marvel Comics,,good
431,Mandarin,Male,blue,Human,White,188.0,97.0,Marvel Comics,,bad
432,Mantis,Female,green,Human-Kree,Black,168.0,52.0,Marvel Comics,green,good
433,Martian Manhunter,Male,red,Martian,No Hair,201.0,135.0,DC Comics,green,good
434,Marvel Girl,Female,green,,Red,170.0,56.0,Marvel Comics,,good
435,Master Brood,Male,blue,,Black,183.0,81.0,Team Epic TV,,good
436,Master Chief,Male,brown,Human / Altered,Brown,213.0,-99.0,Microsoft,,good
437,Match,Male,black,,Black,-99.0,-99.0,DC Comics,,bad
438,Matt Parkman,Male,,,,-99.0,-99.0,NBC - Heroes,,good
439,Maverick,Male,blue,,Black,193.0,110.0,Marvel Comics,,good
440,Maxima,Female,brown,,Red,180.0,72.0,DC Comics,,bad
441,Maya Herrera,Female,,,,-99.0,-99.0,NBC - Heroes,,good
442,Medusa,Female,green,Inhuman,Red,180.0,59.0,Marvel Comics,,good
443,Meltdown,Female,blue,,Blond,165.0,54.0,Marvel Comics,,good
444,Mephisto,Male,white,,Black,198.0,140.0,Marvel Comics,,bad
445,Mera,Female,blue,Atlantean,Red,175.0,72.0,DC Comics,,good
446,Metallo,Male,green,Android,Brown,196.0,90.0,DC Comics,,bad
447,Metamorpho,Male,black,,No Hair,185.0,90.0,DC Comics,,good
448,Meteorite,Female,,,,-99.0,-99.0,Marvel Comics,,good
449,Metron,Male,blue,,Black,185.0,86.0,DC Comics,,good
450,Micah Sanders,Male,brown,,Black,-99.0,-99.0,NBC - Heroes,,good
451,Michelangelo,Male,blue,Mutant,,-99.0,-99.0,IDW Publishing,green,good
452,Micro Lad,Male,grey,,Brown,183.0,77.0,DC Comics,,good
453,Mimic,Male,brown,,Brown,188.0,101.0,Marvel Comics,,good
454,Minna Murray,Female,,,,-99.0,-99.0,Wildstorm,,good
455,Misfit,Female,blue,,Red,-99.0,-99.0,DC Comics,,good
456,Miss Martian,Female,red,,Red,178.0,61.0,DC Comics,,good
457,Mister Fantastic,Male,brown,Human / Radiation,Brown,185.0,81.0,Marvel Comics,,good
458,Mister Freeze,Male,,Human,,183.0,86.0,DC Comics,,bad
459,Mister Knife,Male,blue,Spartoi,Brown,-99.0,-99.0,Marvel Comics,,bad
460,Mister Mxyzptlk,Male,,God / Eternal,,-99.0,-99.0,DC Comics,,bad
461,Mister Sinister,Male,red,Human / Altered,Black,196.0,128.0,Marvel Comics,,bad
462,Mister Zsasz,Male,blue,Human,Blond,-99.0,-99.0,DC Comics,,bad
463,Mockingbird,Female,blue,Human,Blond,175.0,61.0,Marvel Comics,,good
464,MODOK,Male,white,Cyborg,Brownn,366.0,338.0,Marvel Comics,,bad
465,Mogo,Male,,Planet,,-99.0,-99.0,DC Comics,,good
466,Mohinder Suresh,Male,,,,-99.0,-99.0,NBC - Heroes,,good
467,Moloch,Male,,,,-99.0,-99.0,DC Comics,,bad
468,Molten Man,Male,gold,,Gold,196.0,248.0,Marvel Comics,,bad
469,Monarch,Male,blue,,White,193.0,90.0,DC Comics,,good
470,Monica Dawson,Female,,,,-99.0,-99.0,NBC - Heroes,,good
471,Moon Knight,Male,brown,Human,Brown,188.0,101.0,Marvel Comics,,good
472,Moonstone,Female,blue,,Blond,180.0,59.0,Marvel Comics,,bad
473,Morlun,Male,white / red,,Black,188.0,79.0,Marvel Comics,,bad
474,Morph,Male,white,,No Hair,178.0,79.0,Marvel Comics,,good
475,Moses Magnum,Male,brown,,Black,175.0,72.0,Marvel Comics,,bad
476,Mr Immortal,Male,blue,Mutant,Blond,188.0,70.0,Marvel Comics,,good
477,Mr Incredible,Male,blue,Human,Blond,201.0,158.0,Dark Horse Comics,,good
478,Ms Marvel II,Female,blue,,Red,173.0,61.0,Marvel Comics,,good
479,Multiple Man,Male,blue,,Brown,180.0,70.0,Marvel Comics,,good
480,Mysterio,Male,brown,Human,No Hair,180.0,79.0,Marvel Comics,,bad
481,Mystique,Female,yellow (without irises),Mutant,Red / Orange,178.0,54.0,Marvel Comics,blue,bad
482,Namor,Male,,,,-99.0,-99.0,Marvel Comics,,good
483,Namor,Male,grey,Atlantean,Black,188.0,125.0,Marvel Comics,,good
484,Namora,Female,blue,,Blond,180.0,85.0,Marvel Comics,,good
485,Namorita,Female,blue,,Blond,168.0,101.0,Marvel Comics,,good
486,Naruto Uzumaki,Male,,Human,,168.0,54.0,Shueisha,,good
487,Nathan Petrelli,Male,brown,,,-99.0,-99.0,NBC - Heroes,,good
488,Nebula,Female,blue,Luphomoid,No Hair,185.0,83.0,Marvel Comics,blue,bad
489,Negasonic Teenage Warhead,Female,black,Mutant,Black,-99.0,-99.0,Marvel Comics,,good
490,Nick Fury,Male,brown,Human,Brown / White,185.0,99.0,Marvel Comics,,good
491,Nightcrawler,Male,yellow,,Indigo,175.0,88.0,Marvel Comics,,good
492,Nightwing,Male,blue,Human,Black,178.0,79.0,DC Comics,,good
493,Niki Sanders,Female,blue,,Blond,-99.0,-99.0,NBC - Heroes,,good
494,Nina Theroux,Female,,Alpha,,-99.0,-99.0,SyFy,,good
495,Nite Owl II,Male,,,,-99.0,-99.0,DC Comics,,good
496,Northstar,Male,blue,,Black,180.0,83.0,Marvel Comics,,good
497,Nova,Male,brown,Human,Brown,185.0,86.0,Marvel Comics,,good
498,Nova,Female,white,Human / Cosmic,Red,163.0,59.0,Marvel Comics,gold,good
499,Odin,Male,blue,God / Eternal,White,206.0,293.0,Marvel Comics,,good
500,Offspring,Male,,,,-99.0,-99.0,DC Comics,,good
501,Omega Red,Male,red,,Blond,211.0,191.0,Marvel Comics,,bad
502,Omniscient,Male,brown,,Black,180.0,65.0,Team Epic TV,,good
503,One Punch Man,Male,,Human,No Hair,175.0,69.0,Shueisha,,good
504,One-Above-All,,,Cosmic Entity,,-99.0,-99.0,Marvel Comics,,neutral
505,Onslaught,Male,red,Mutant,No Hair,305.0,405.0,Marvel Comics,,bad
506,Oracle,Female,blue,Human,Red,178.0,59.0,DC Comics,,good
507,Osiris,Male,brown,,Brown,-99.0,-99.0,DC Comics,,good
508,Overtkill,Male,,,,-99.0,-99.0,Image Comics,,bad
509,Ozymandias,Male,blue,Human,Blond,-99.0,-99.0,DC Comics,,bad
510,Parademon,,,Parademon,,-99.0,-99.0,DC Comics,,bad
511,Paul Blart,Male,,Human,,170.0,117.0,Sony Pictures,,good
512,Penance,,,,,-99.0,-99.0,Marvel Comics,,good
513,Penance I,Female,,,,-99.0,-99.0,Marvel Comics,,good
514,Penance II,Male,blue,,Blond,183.0,89.0,Marvel Comics,,good
515,Penguin,Male,blue,Human,Black,157.0,79.0,DC Comics,,bad
516,Peter Petrelli,Male,,,,-99.0,-99.0,NBC - Heroes,,good
517,Phantom,Male,,,,-99.0,-99.0,DC Comics,,good
518,Phantom Girl,Female,blue,,Black,168.0,54.0,DC Comics,,good
519,Phoenix,Female,green,Mutant,Red,168.0,52.0,Marvel Comics,,good
520,Plantman,Male,green,Mutant,Grey,183.0,87.0,Marvel Comics,,bad
521,Plastic Lad,Male,,,,-99.0,-99.0,DC Comics,,good
522,Plastic Man,Male,blue,Human,Black,185.0,80.0,DC Comics,,good
523,Plastique,Female,blue,,Red,168.0,55.0,DC Comics,,bad
524,Poison Ivy,Female,green,Human,Red,168.0,50.0,DC Comics,green,bad
525,Polaris,Female,green,Mutant,Green,170.0,52.0,Marvel Comics,,good
526,Power Girl,Female,blue,Kryptonian,blond,180.0,81.0,DC Comics,,good
527,Power Man,Male,,Mutant,,-99.0,-99.0,Marvel Comics,,good
528,Predator,Male,,Yautja,,213.0,234.0,Dark Horse Comics,,bad
529,Professor X,Male,blue,Mutant,No Hair,183.0,86.0,Marvel Comics,,good
530,Professor Zoom,Male,blue,Human,Strawberry Blond,180.0,81.0,DC Comics,,bad
531,Proto-Goblin,Male,green,,Blond,-99.0,-99.0,Marvel Comics,,bad
532,Psylocke,Female,blue,Mutant,Purple,180.0,70.0,Marvel Comics,,good
533,Punisher,Male,blue,Human,Black,183.0,90.0,Marvel Comics,,good
534,Purple Man,Male,purple,Human,Purple,180.0,74.0,Marvel Comics,purple,bad
535,Pyro,Male,blue,,Blond,178.0,68.0,Marvel Comics,,bad
536,Q,Male,,God / Eternal,,-99.0,-99.0,Star Trek,,
537,Quantum,Male,,,,-99.0,-99.0,HarperCollins,,good
538,Question,Male,blue,Human,Blond,188.0,83.0,DC Comics,,good
539,Quicksilver,Male,blue,Mutant,Silver,183.0,79.0,Marvel Comics,,good
540,Quill,Male,brown,,Brown,163.0,56.0,Marvel Comics,,good
541,Ra's Al Ghul,Male,green,Human,Grey,193.0,97.0,DC Comics,,bad
542,Rachel Pirzad,Female,,Alpha,,-99.0,-99.0,SyFy,,good
543,Rambo,Male,brown,Human,Black,178.0,83.0,,,good
544,Raphael,Male,,Mutant,No Hair,-99.0,-99.0,IDW Publishing,green,good
545,Raven,Female,indigo,Human,Black,165.0,50.0,DC Comics,,neutral
546,Ray,Male,green,Human,Red,178.0,70.0,DC Comics,,good
547,Razor-Fist II,Male,blue,,No Hair,191.0,117.0,Marvel Comics,,bad
548,Red Arrow,Male,green,Human,Red,180.0,83.0,DC Comics,,good
549,Red Hood,Male,blue,Human,Black,183.0,81.0,DC Comics,,neutral
550,Red Hulk,Male,yellow,Human / Radiation,Black,213.0,630.0,Marvel Comics,red,neutral
551,Red Mist,Male,,,,-99.0,-99.0,Icon Comics,,bad
552,Red Robin,Male,blue,Human,Black,165.0,56.0,DC Comics,,good
553,Red Skull,Male,blue,,No Hair,188.0,108.0,Marvel Comics,,bad
554,Red Tornado,Male,green,Android,No Hair,185.0,146.0,DC Comics,,good
555,Redeemer II,Male,,,,-99.0,-99.0,Image Comics,,bad
556,Redeemer III,Male,,,,-99.0,-99.0,Image Comics,,bad
557,Renata Soliz,Female,,,,-99.0,-99.0,HarperCollins,,good
558,Rey,Female,hazel,Human,Brown,297.0,-99.0,George Lucas,,good
559,Rhino,Male,brown,Human / Radiation,Brown,196.0,320.0,Marvel Comics,,bad
560,Rick Flag,Male,blue,,Brown,185.0,85.0,DC Comics,,bad
561,Riddler,Male,,,,-99.0,-99.0,DC Comics,,bad
562,Rip Hunter,Male,blue,Human,Blond,-99.0,-99.0,DC Comics,,good
563,Ripcord,Female,green,,Black,180.0,72.0,Marvel Comics,,good
564,Robin,Male,blue,Human,Black,178.0,79.0,DC Comics,,good
565,Robin II,Male,blue,Human,Red,183.0,101.0,DC Comics,,good
566,Robin III,Male,blue,Human,Black,165.0,56.0,DC Comics,,good
567,Robin V,Male,blue,Human,Black,137.0,38.0,DC Comics,,good
568,Robin VI,Female,green,Human,Red,-99.0,-99.0,DC Comics,,neutral
569,Rocket Raccoon,Male,brown,Animal,Brown,122.0,25.0,Marvel Comics,,good
570,Rogue,Female,green,,Brown / White,173.0,54.0,Marvel Comics,,good
571,Ronin,Male,blue,Human,Blond,191.0,104.0,Marvel Comics,,good
572,Rorschach,Male,blue,Human,Red,168.0,63.0,DC Comics,,good
573,Sabretooth,Male,amber,Mutant,Blond,198.0,171.0,Marvel Comics,,bad
574,Sage,Female,blue,,Black,170.0,61.0,Marvel Comics,,good
575,Sandman,Male,brown,Human,Brown,185.0,203.0,Marvel Comics,,neutral
576,Sasquatch,Male,red,,Orange,305.0,900.0,Marvel Comics,,good
577,Sauron,Male,,Maiar,,279.0,-99.0,J. R. R. Tolkien,,bad
578,Savage Dragon,Male,,,,-99.0,-99.0,Image Comics,,good
579,Scarecrow,Male,blue,Human,Brown,183.0,63.0,DC Comics,,bad
580,Scarlet Spider,Male,blue,Human,Blond,178.0,74.0,Marvel Comics,,good
581,Scarlet Spider II,Male,brown,Clone,Brown,193.0,113.0,Marvel Comics,,good
582,Scarlet Witch,Female,blue,Mutant,Brown,170.0,59.0,Marvel Comics,,bad
583,Scorpia,Female,green,,Red,-99.0,-99.0,Marvel Comics,,bad
584,Scorpion,Male,brown,Human,Brown,211.0,310.0,Marvel Comics,,bad
585,Sebastian Shaw,Male,,Mutant,,-99.0,-99.0,Marvel Comics,,bad
586,Sentry,Male,blue,Mutant,Blond,188.0,87.0,Marvel Comics,,neutral
587,Shadow King,,red,,,185.0,149.0,Marvel Comics,,good
588,Shadow Lass,Female,black,Talokite,Black,173.0,54.0,DC Comics,blue,good
589,Shadowcat,Female,hazel,Mutant,Brown,168.0,50.0,Marvel Comics,,good
590,Shang-Chi,Male,brown,Human,Black,178.0,79.0,Marvel Comics,,good
591,Shatterstar,Male,brown,,Red,191.0,88.0,Marvel Comics,,good
592,She-Hulk,Female,green,Human,Green,201.0,315.0,Marvel Comics,,good
593,She-Thing,Female,blue,Human / Radiation,No Hair,183.0,153.0,Marvel Comics,,good
594,Shocker,Male,brown,Human,Brown,175.0,79.0,Marvel Comics,,bad
595,Shriek,Female,yellow / blue,,Black,173.0,52.0,Marvel Comics,,good
596,Shrinking Violet,Female,,,,-99.0,-99.0,DC Comics,,good
597,Sif,Female,blue,Asgardian,Black,188.0,191.0,Marvel Comics,,good
598,Silk,Female,brown,Human,Black,-99.0,-99.0,Marvel Comics,,good
599,Silk Spectre,Female,,,,-99.0,-99.0,DC Comics,,good
600,Silk Spectre II,Female,,,,-99.0,-99.0,DC Comics,,good
601,Silver Surfer,Male,white,Alien,No Hair,193.0,101.0,Marvel Comics,silver,good
602,Silverclaw,Female,brown,,Black,157.0,50.0,Marvel Comics,,good
603,Simon Baz,Male,bown,Human,Black,-99.0,-99.0,DC Comics,,good
604,Sinestro,Male,black,Korugaran,Black,201.0,92.0,DC Comics,red,neutral
605,Siren,Female,blue,Atlantean,Purple,175.0,72.0,DC Comics,,bad
606,Siren II,Female,black,,,-99.0,-99.0,DC Comics,,bad
607,Siryn,Female,blue,,Strawberry Blond,168.0,52.0,Marvel Comics,,bad
608,Skaar,Male,green,,Black,198.0,180.0,Marvel Comics,,good
609,Snake-Eyes,Male,,Animal,,-99.0,-99.0,Marvel Comics,,bad
610,Snowbird,Female,white,,Blond,178.0,49.0,Marvel Comics,,good
611,Sobek,Male,white,,No Hair,-99.0,-99.0,DC Comics,,good
612,Solomon Grundy,Male,black,Zombie,White,279.0,437.0,DC Comics,,bad
613,Songbird,Female,green,,Red / White,165.0,65.0,Marvel Comics,,good
614,Space Ghost,Male,,Human,,188.0,113.0,DC Comics,,good
615,Spawn,Male,brown,Demon,Black,211.0,405.0,Image Comics,,good
616,Spectre,Male,white,God / Eternal,No Hair,-99.0,-99.0,DC Comics,white,good
617,Speedball,Male,,,,-99.0,-99.0,Marvel Comics,,good
618,Speedy,Male,,Human,,-99.0,-99.0,DC Comics,,good
619,Speedy,Female,green,Human,Brown,-99.0,-99.0,DC Comics,,good
620,Spider-Carnage,Male,,Symbiote,,-99.0,-99.0,Marvel Comics,,bad
621,Spider-Girl,Female,blue,Human,Brown,170.0,54.0,Marvel Comics,,good
622,Spider-Gwen,Female,blue,Human,Blond,165.0,56.0,Marvel Comics,,good
623,Spider-Man,Male,hazel,Human,Brown,178.0,74.0,Marvel Comics,,good
624,Spider-Man,,red,Human,Brown,178.0,77.0,Marvel Comics,,good
625,Spider-Man,Male,brown,Human,Black,157.0,56.0,Marvel Comics,,good
626,Spider-Woman,Female,green,Human,Black,178.0,59.0,Marvel Comics,,good
627,Spider-Woman II,Female,,,,-99.0,-99.0,Marvel Comics,,good
628,Spider-Woman III,Female,brown,,Brown,173.0,55.0,Marvel Comics,,good
629,Spider-Woman IV,Female,red,,White,178.0,58.0,Marvel Comics,,bad
630,Spock,Male,brown,Human-Vulcan,Black,185.0,81.0,Star Trek,,good
631,Spyke,Male,brown,Mutant,Blond,183.0,83.0,Marvel Comics,,good
632,Stacy X,Female,,,,-99.0,-99.0,Marvel Comics,,good
633,Star-Lord,Male,blue,Human-Spartoi,Blond,188.0,79.0,Marvel Comics,,good
634,Stardust,Male,,,,-99.0,-99.0,Marvel Comics,,good
635,Starfire,Female,green,Tamaranean,Auburn,193.0,71.0,DC Comics,orange,good
636,Stargirl,Female,blue,Human,Blond,165.0,62.0,DC Comics,,good
637,Static,Male,brown,Mutant,Black,170.0,63.0,DC Comics,,good
638,Steel,Male,brown,,No Hair,201.0,131.0,DC Comics,,good
639,Stephanie Powell,Female,,,Blond,-99.0,-99.0,ABC Studios,,good
640,Steppenwolf,Male,red,New God,Black,183.0,91.0,DC Comics,white,bad
641,Storm,Female,blue,Mutant,White,180.0,57.0,Marvel Comics,,good
642,Stormtrooper,Male,,Human,,183.0,-99.0,George Lucas,,bad
643,Sunspot,Male,brown,Mutant,black,173.0,77.0,Marvel Comics,,good
644,Superboy,Male,blue,,Black,170.0,68.0,DC Comics,,good
645,Superboy-Prime,Male,blue,Kryptonian,Black / Blue,180.0,77.0,DC Comics,,bad
646,Supergirl,Female,blue,Kryptonian,Blond,165.0,54.0,DC Comics,,good
647,Superman,Male,blue,Kryptonian,Black,191.0,101.0,DC Comics,,good
648,Swamp Thing,Male,red,God / Eternal,No Hair,-99.0,-99.0,DC Comics,green,bad
649,Swarm,Male,yellow,Mutant,No Hair,196.0,47.0,Marvel Comics,yellow,bad
650,Sylar,Male,,,,-99.0,-99.0,NBC - Heroes,,bad
651,Synch,Male,brown,,Black,180.0,74.0,Marvel Comics,,good
652,T-1000,Male,,Android,,183.0,146.0,Dark Horse Comics,silver,bad
653,T-800,Male,red,Cyborg,,-99.0,176.0,Dark Horse Comics,,bad
654,T-850,Male,red,Cyborg,,-99.0,198.0,Dark Horse Comics,,bad
655,T-X,Female,,Cyborg,,-99.0,149.0,Dark Horse Comics,silver,bad
656,Taskmaster,Male,brown,Human,Brown,188.0,99.0,Marvel Comics,,bad
657,Tempest,Female,brown,,Black,163.0,54.0,Marvel Comics,,good
658,Thanos,Male,red,Eternal,No Hair,201.0,443.0,Marvel Comics,purple,bad
659,The Cape,Male,,,,-99.0,-99.0,,,good
660,The Comedian,Male,brown,Human,Black,188.0,101.0,DC Comics,,neutral
661,Thing,Male,blue,Human / Radiation,No Hair,183.0,225.0,Marvel Comics,,good
662,Thor,Male,blue,Asgardian,Blond,198.0,288.0,Marvel Comics,,good
663,Thor Girl,Female,blue,Asgardian,Blond,175.0,143.0,Marvel Comics,,good
664,Thunderbird,Male,brown,,Black,185.0,101.0,Marvel Comics,,good
665,Thunderbird II,Male,,,,-99.0,-99.0,Marvel Comics,,good
666,Thunderbird III,Male,brown,,Black,175.0,74.0,Marvel Comics,,good
667,Thunderstrike,Male,blue,,Blond,198.0,288.0,Marvel Comics,,good
668,Thundra,Female,green,,Red,218.0,158.0,Marvel Comics,,good
669,Tiger Shark,Male,grey,Human,No Hair,185.0,203.0,Marvel Comics,grey,bad
670,Tigra,Female,green,,Auburn,178.0,81.0,Marvel Comics,,good
671,Tinkerer,Male,brown,,White,163.0,54.0,Marvel Comics,,bad
672,Titan,Male,,,,-99.0,-99.0,HarperCollins,,good
673,Toad,Male,black,Mutant,Brown,175.0,76.0,Marvel Comics,green,neutral
674,Toxin,Male,blue,Symbiote,Brown,188.0,97.0,Marvel Comics,,good
675,Toxin,Male,black,Symbiote,Blond,191.0,117.0,Marvel Comics,,good
676,Tracy Strauss,Female,,,,-99.0,-99.0,NBC - Heroes,,good
677,Trickster,Male,blue,Human,Blond,183.0,81.0,DC Comics,,
678,Trigon,Male,yellow,God / Eternal,Black,-99.0,-99.0,DC Comics,red,bad
679,Triplicate Girl,Female,purple,,Brown,168.0,59.0,DC Comics,,good
680,Triton,Male,green,Inhuman,No Hair,188.0,86.0,Marvel Comics,green,good
681,Two-Face,Male,,,,183.0,82.0,DC Comics,,bad
682,Ultragirl,Female,blue,,Blond,168.0,105.0,Marvel Comics,,good
683,Ultron,Male,red,Android,,206.0,331.0,Marvel Comics,silver,bad
684,Utgard-Loki,Male,blue,Frost Giant,White,15.2,58.0,Marvel Comics,,bad
685,Vagabond,Female,blue,,Strawberry Blond,168.0,54.0,Marvel Comics,,good
686,Valerie Hart,Female,hazel,,Black,175.0,56.0,Team Epic TV,,good
687,Valkyrie,Female,blue,,Blond,191.0,214.0,Marvel Comics,,good
688,Vanisher,Male,green,,No Hair,165.0,79.0,Marvel Comics,,bad
689,Vegeta,Male,,Saiyan,Black,168.0,73.0,Shueisha,,bad
690,Venom,Male,blue,Symbiote,Strawberry Blond,191.0,117.0,Marvel Comics,,bad
691,Venom II,Male,brown,,Black,175.0,50.0,Marvel Comics,,bad
692,Venom III,Male,brown,Symbiote,Brown,229.0,334.0,Marvel Comics,,bad
693,Venompool,Male,,Symbiote,,226.0,-99.0,Marvel Comics,,
694,Vertigo II,Female,blue,,Silver,168.0,52.0,Marvel Comics,,good
695,Vibe,Male,brown,Human,Black,178.0,71.0,DC Comics,,good
696,Vindicator,Female,green,Human,Red,165.0,54.0,Marvel Comics,,good
697,Vindicator,Male,,,,-99.0,-99.0,Marvel Comics,,good
698,Violator,Male,,,,-99.0,-99.0,Image Comics,,bad
699,Violet Parr,Female,violet,Human,Black,137.0,41.0,Dark Horse Comics,,good
700,Vision,Male,gold,Android,No Hair,191.0,135.0,Marvel Comics,red,good
701,Vision II,,red,,No Hair,191.0,135.0,Marvel Comics,,good
702,Vixen,Female,amber,Human,Black,175.0,63.0,DC Comics,,good
703,Vulcan,Male,black,,Black,-99.0,-99.0,Marvel Comics,,good
704,Vulture,Male,brown,Human,No Hair,180.0,79.0,Marvel Comics,,bad
705,Walrus,Male,blue,Human,Black,183.0,162.0,Marvel Comics,,bad
706,War Machine,Male,brown,Human,Brown,185.0,95.0,Marvel Comics,,good
707,Warbird,Female,blue,,Blond,180.0,54.0,Marvel Comics,,good
708,Warlock,Male,red,,Blond,188.0,108.0,Marvel Comics,,good
709,Warp,Male,brown,,Black,173.0,67.0,DC Comics,,bad
710,Warpath,Male,brown,Mutant,Black,218.0,158.0,Marvel Comics,,good
711,Wasp,Female,blue,Human,Auburn,163.0,50.0,Marvel Comics,,good
712,Watcher,Male,,,,-99.0,-99.0,Marvel Comics,,good
713,Weapon XI,Male,,,,-99.0,-99.0,Marvel Comics,,bad
714,White Canary,Female,brown,Human,Black,-99.0,-99.0,DC Comics,,bad
715,White Queen,Female,blue,,Blond,178.0,65.0,Marvel Comics,,good
716,Wildfire,Male,,,,-99.0,-99.0,DC Comics,,good
717,Winter Soldier,Male,brown,Human,Brown,175.0,117.0,Marvel Comics,,good
718,Wiz Kid,,brown,,Black,140.0,39.0,Marvel Comics,,good
719,Wolfsbane,Female,green,,Auburn,366.0,473.0,Marvel Comics,,good
720,Wolverine,Male,blue,Mutant,Black,160.0,135.0,Marvel Comics,,good
721,Wonder Girl,Female,blue,Demi-God,Blond,165.0,51.0,DC Comics,,good
722,Wonder Man,Male,red,,Black,188.0,171.0,Marvel Comics,,good
723,Wonder Woman,Female,blue,Amazon,Black,183.0,74.0,DC Comics,,good
724,Wondra,Female,,,,-99.0,-99.0,Marvel Comics,,good
725,Wyatt Wingfoot,Male,brown,,Black,196.0,117.0,Marvel Comics,,good
726,X-23,Female,green,Mutant / Clone,Black,155.0,50.0,Marvel Comics,,good
727,X-Man,Male,blue,,Brown,175.0,61.0,Marvel Comics,,good
728,Yellow Claw,Male,blue,,No Hair,188.0,95.0,Marvel Comics,,bad
729,Yellowjacket,Male,blue,Human,Blond,183.0,83.0,Marvel Comics,,good
730,Yellowjacket II,Female,blue,Human,Strawberry Blond,165.0,52.0,Marvel Comics,,good
731,Ymir,Male,white,Frost Giant,No Hair,304.8,-99.0,Marvel Comics,white,good
732,Yoda,Male,brown,Yoda's species,White,66.0,17.0,George Lucas,green,good
733,Zatanna,Female,blue,Human,Black,170.0,57.0,DC Comics,,good
734,Zoom,Male,red,,Brown,185.0,81.0,DC Comics,,bad
